source_row,sentiment,split
2,negative,train
3,positive,test
4,negative,test
5,positive,train
6,negative,train
7,negative,train
8,positive,train
9,negative,test
10,positive,train
11,negative,train
12,positive,test
13,negative,train
14,negative,train
15,positive,train
16,positive,train
17,positive,train
18,positive,train
19,positive,train
20,negative,train
21,negative,train
22,positive,test
23,negative,train
24,negative,train
25,negative,train
26,negative,test
27,positive,train
28,negative,test
29,positive,test
30,positive,train
31,positive,test
32,positive,train
33,positive,train
34,positive,train
35,positive,train
36,negative,train
37,positive,train
38,negative,train
39,negative,train
40,negative,train
41,positive,train
42,positive,train
43,negative,train
44,positive,test
45,positive,train
46,negative,test
47,positive,train
48,positive,train
49,positive,train
50,positive,train
51,negative,test
52,negative,train
53,positive,test
54,negative,train
55,positive,train
56,positive,train
57,negative,train
58,negative,train
59,negative,train
60,negative,test
61,positive,train
62,negative,train
63,positive,train
64,negative,train
65,negative,train
66,negative,train
67,negative,test
68,positive,train
69,negative,train
70,positive,train
71,negative,test
72,negative,test
73,positive,train
74,negative,train
75,negative,train
76,positive,train
77,positive,train
78,negative,train
79,positive,test
80,positive,train
81,negative,train
82,positive,train
83,positive,test
84,negative,test
85,negative,train
86,negative,train
87,negative,train
88,negative,train
89,positive,train
90,positive,train
91,negative,train
92,negative,train
93,negative,test
94,positive,train
95,positive,train
96,negative,train
97,negative,train
98,positive,test
99,negative,train
100,negative,train
101,negative,test
102,positive,train
103,positive,train
104,positive,train
105,negative,train
106,positive,test
107,positive,train
108,positive,train
109,positive,train
110,positive,train
111,positive,train
112,positive,train
113,negative,train
114,negative,train
115,negative,train
116,positive,train
117,positive,train
118,negative,train
119,positive,train
120,positive,train
121,negative,test
122,negative,train
123,negative,train
124,negative,train
125,positive,train
126,positive,train
127,negative,test
128,positive,train
129,positive,train
130,negative,train
131,positive,train
132,negative,test
133,negative,train
134,positive,train
135,positive,train
136,positive,test
137,negative,train
138,negative,train
139,negative,train
140,negative,train
141,negative,train
142,negative,test
143,positive,train
144,negative,train
145,positive,train
146,negative,train
147,positive,train
148,positive,train
149,negative,train
150,positive,train
151,positive,train
152,negative,train
153,positive,train
154,positive,train
155,negative,train
156,positive,test
157,positive,train
158,positive,train
159,negative,train
160,positive,train
161,negative,train
162,positive,train
163,positive,train
164,positive,train
165,negative,train
166,negative,test
167,negative,train
168,negative,train
169,negative,train
170,positive,train
171,negative,train
172,negative,test
173,positive,train
174,negative,train
175,negative,test
176,positive,train
177,negative,train
178,positive,train
179,negative,train
180,positive,test
181,negative,train
182,negative,test
183,positive,train
184,negative,train
185,negative,train
186,positive,train
187,positive,train
188,negative,train
189,negative,test
190,negative,train
191,negative,train
192,positive,train
193,positive,train
194,negative,test
195,positive,test
196,positive,train
197,positive,test
198,negative,test
199,positive,train
200,positive,train
201,negative,train
202,negative,train
203,positive,train
204,positive,train
205,positive,train
206,positive,train
207,positive,test
208,negative,test
209,negative,train
210,negative,train
211,positive,train
212,negative,test
213,positive,test
214,positive,train
215,positive,train
216,positive,train
217,negative,test
218,negative,train
219,positive,train
220,positive,train
221,negative,train
222,positive,train
223,positive,train
224,positive,train
225,negative,train
226,negative,train
227,negative,train
228,positive,train
229,positive,train
230,negative,train
231,positive,test
232,negative,train
233,positive,test
234,negative,train
235,negative,train
236,negative,train
237,positive,train
238,negative,train
239,positive,train
240,negative,train
241,positive,train
242,positive,train
243,negative,train
244,positive,train
245,positive,train
246,negative,train
247,positive,train
248,positive,train
249,negative,test
250,positive,test
251,negative,train
252,negative,train
253,positive,train
254,negative,train
255,positive,train
256,negative,train
257,negative,train
258,positive,test
259,positive,train
260,negative,train
261,negative,test
262,positive,test
263,negative,train
264,positive,test
265,negative,test
266,negative,train
267,negative,train
268,positive,test
269,positive,train
270,positive,train
271,negative,train
272,negative,test
273,negative,train
274,positive,test
275,negative,train
276,negative,train
277,negative,test
278,positive,train
279,positive,train
280,negative,train
281,positive,train
282,negative,train
283,negative,train
284,positive,test
285,negative,train
286,negative,train
287,positive,train
288,positive,test
289,negative,train
290,positive,train
291,positive,test
292,negative,train
293,negative,train
294,negative,train
295,negative,train
296,positive,train
297,positive,train
298,positive,train
299,negative,train
300,negative,train
301,positive,train
302,positive,train
303,positive,train
304,negative,train
305,negative,train
306,positive,train
307,negative,train
308,negative,train
309,negative,train
310,positive,train
311,positive,train
312,negative,test
313,negative,train
314,negative,train
315,positive,train
316,negative,test
317,positive,train
318,negative,test
319,negative,test
320,negative,train
321,negative,train
322,positive,test
323,negative,train
324,positive,train
325,positive,test
326,positive,train
327,positive,train
328,negative,train
329,positive,train
330,negative,test
331,positive,train
332,positive,train
333,positive,test
334,negative,train
335,positive,train
336,positive,train
337,negative,train
338,positive,test
339,positive,train
340,negative,train
341,negative,test
342,negative,train
343,positive,train
344,negative,train
345,positive,train
346,positive,test
347,negative,train
348,positive,train
349,negative,train
350,negative,train
351,positive,train
352,positive,train
353,positive,train
354,negative,train
355,negative,train
356,positive,train
357,positive,train
358,negative,train
359,negative,train
360,negative,train
361,negative,train
362,positive,test
363,positive,train
364,positive,train
365,positive,test
366,positive,train
367,positive,train
368,negative,train
369,positive,train
370,negative,train
371,positive,train
372,negative,train
373,negative,train
374,positive,train
375,negative,train
376,negative,test
377,negative,train
378,positive,train
379,negative,test
380,negative,train
381,negative,test
382,negative,train
383,positive,train
384,positive,train
385,negative,train
386,negative,train
387,positive,train
388,positive,train
389,negative,train
390,positive,train
391,negative,train
392,negative,train
393,negative,train
394,positive,train
395,positive,train
396,positive,test
397,positive,train
398,negative,train
399,negative,test
400,positive,test
401,positive,train
402,positive,train
403,positive,train
404,positive,test
405,positive,train
406,positive,train
407,negative,test
408,negative,train
409,positive,train
410,negative,train
411,negative,train
412,positive,train
413,positive,train
414,negative,test
415,positive,train
416,positive,train
417,negative,test
418,positive,test
419,positive,train
420,positive,train
421,negative,train
422,positive,train
423,positive,train
424,negative,train
425,positive,train
426,negative,train
427,negative,train
428,negative,train
429,negative,train
430,negative,train
431,negative,test
432,positive,test
433,negative,train
434,negative,test
435,positive,train
436,negative,test
437,negative,train
438,negative,train
439,positive,test
440,positive,train
441,negative,train
442,positive,train
443,positive,train
444,negative,train
445,positive,train
446,negative,train
447,positive,train
448,positive,train
449,negative,train
450,positive,test
451,negative,train
452,positive,train
453,negative,train
454,positive,train
455,negative,train
456,negative,train
457,negative,train
458,positive,test
459,negative,train
460,negative,test
461,positive,test
462,positive,train
463,positive,test
464,positive,train
465,negative,train
466,positive,train
467,positive,train
468,positive,train
469,positive,test
470,positive,train
471,positive,train
472,positive,train
473,positive,train
474,positive,train
475,negative,train
476,negative,train
477,positive,train
478,positive,train
479,positive,train
480,positive,train
481,negative,train
482,negative,train
483,negative,train
484,positive,train
485,positive,train
486,negative,train
487,negative,train
488,positive,train
489,positive,train
490,positive,train
491,positive,train
492,negative,train
493,positive,train
494,negative,test
495,positive,train
496,positive,test
497,positive,train
498,negative,test
499,positive,train
500,negative,test
501,positive,train
502,negative,test
503,positive,train
504,positive,train
505,negative,train
506,negative,train
507,negative,train
508,negative,train
509,positive,train
510,negative,train
511,negative,train
512,positive,test
513,positive,train
514,positive,train
515,negative,train
516,negative,test
517,negative,test
518,positive,train
519,positive,train
520,negative,train
521,negative,train
522,negative,train
523,positive,train
524,negative,train
525,positive,train
526,positive,train
527,positive,train
528,positive,test
529,positive,train
530,positive,train
531,negative,train
532,negative,train
533,negative,train
534,positive,train
535,positive,train
536,positive,train
537,negative,train
538,negative,train
539,positive,train
540,positive,train
541,negative,train
542,positive,train
543,negative,train
544,negative,train
545,negative,train
546,negative,train
547,positive,train
548,positive,train
549,negative,train
550,negative,train
551,negative,test
552,positive,train
553,positive,train
554,positive,test
555,negative,test
556,positive,train
557,negative,train
558,negative,train
559,negative,test
560,positive,train
561,negative,train
562,positive,train
563,negative,train
564,positive,train
565,positive,train
566,positive,test
567,negative,test
568,negative,train
569,positive,train
570,negative,train
571,positive,test
572,negative,train
573,negative,train
574,negative,train
575,negative,train
576,positive,test
577,negative,train
578,positive,train
579,negative,train
580,negative,train
581,negative,train
582,negative,train
583,negative,test
584,negative,train
585,positive,train
586,positive,test
587,positive,test
588,negative,train
589,negative,train
590,positive,test
591,positive,train
592,negative,train
593,positive,train
594,negative,train
595,negative,train
596,negative,test
597,positive,train
598,negative,train
599,negative,train
600,positive,train
601,positive,test
602,positive,train
603,positive,train
604,positive,train
605,negative,train
606,negative,train
607,negative,train
608,negative,train
609,negative,train
610,positive,train
611,negative,train
612,negative,train
613,positive,train
614,positive,train
615,negative,train
616,negative,train
617,negative,train
618,negative,test
619,negative,train
620,positive,test
621,positive,train
622,negative,train
623,negative,train
624,positive,train
625,positive,train
626,negative,train
627,negative,test
628,negative,train
629,negative,test
630,positive,test
631,negative,train
632,positive,train
633,negative,train
634,positive,train
635,negative,train
636,positive,train
637,positive,train
638,negative,train
639,negative,train
640,positive,test
641,negative,train
642,negative,train
643,positive,test
644,positive,test
645,negative,train
646,negative,train
647,negative,train
648,positive,test
649,positive,train
650,negative,train
651,negative,train
652,negative,train
653,negative,train
654,negative,test
655,negative,train
656,negative,train
657,positive,train
658,negative,train
659,negative,train
660,positive,test
661,positive,train
662,positive,train
663,positive,train
664,negative,train
665,positive,train
666,negative,train
667,negative,test
668,positive,test
669,negative,train
670,positive,train
671,positive,train
672,positive,train
673,negative,test
674,positive,train
675,positive,test
676,positive,train
677,positive,train
678,negative,train
679,positive,train
680,positive,train
681,negative,train
682,negative,train
683,negative,test
684,positive,train
685,negative,train
686,negative,test
687,negative,train
688,negative,train
689,negative,train
690,negative,train
691,negative,train
692,positive,train
693,positive,train
694,positive,train
695,negative,train
696,negative,train
697,negative,train
698,positive,train
699,negative,train
700,positive,train
701,positive,train
702,negative,train
703,negative,train
704,positive,test
705,negative,train
706,positive,train
707,negative,train
708,positive,train
709,positive,test
710,positive,train
711,positive,train
712,positive,train
713,negative,train
714,positive,train
715,positive,train
716,positive,train
717,positive,test
718,negative,train
719,positive,train
720,positive,train
721,negative,train
722,positive,train
723,negative,train
724,positive,train
725,negative,train
726,negative,train
727,positive,train
728,positive,train
729,positive,test
730,positive,train
731,positive,train
732,positive,train
733,positive,train
734,positive,train
735,positive,train
736,negative,train
737,positive,train
738,negative,test
739,negative,train
740,positive,test
741,positive,train
742,positive,train
743,negative,train
744,positive,train
745,positive,train
746,positive,test
747,positive,train
748,positive,test
749,positive,test
750,negative,train
751,negative,train
752,negative,train
753,negative,test
754,negative,train
755,positive,train
756,negative,train
757,positive,train
758,negative,train
759,negative,train
760,positive,train
761,negative,train
762,negative,test
763,positive,train
764,positive,train
765,negative,test
766,negative,train
767,negative,train
768,negative,train
769,negative,train
770,positive,train
771,negative,train
772,positive,train
773,negative,test
774,negative,train
775,negative,test
776,positive,train
777,positive,train
778,negative,train
779,negative,test
780,positive,train
781,positive,train
782,positive,test
783,positive,train
784,positive,train
785,positive,train
786,positive,train
787,negative,train
788,positive,test
789,positive,train
790,negative,test
791,positive,train
792,negative,test
793,negative,train
794,positive,train
795,negative,train
796,positive,train
797,positive,train
798,positive,test
799,negative,train
800,negative,train
801,positive,train
802,positive,train
803,negative,test
804,positive,test
805,positive,train
806,negative,train
807,positive,test
808,positive,train
809,negative,train
810,positive,train
811,positive,test
812,negative,train
813,positive,test
814,negative,test
815,positive,train
816,negative,train
817,negative,train
818,negative,train
819,negative,train
820,negative,test
821,negative,train
822,negative,train
823,positive,train
824,negative,train
825,positive,train
826,positive,train
827,positive,train
828,negative,train
829,negative,train
830,positive,train
831,positive,train
832,negative,train
833,positive,test
834,positive,test
835,positive,train
836,positive,test
837,positive,train
838,positive,train
839,negative,test
840,positive,train
841,negative,train
842,positive,train
843,positive,train
844,negative,train
845,positive,train
846,positive,train
847,positive,train
848,positive,test
849,negative,train
850,negative,train
851,positive,train
852,negative,test
853,positive,train
854,positive,train
855,positive,train
856,positive,test
857,negative,train
858,negative,train
859,positive,train
860,positive,train
861,negative,train
862,positive,train
863,positive,train
864,positive,test
865,negative,train
866,negative,train
867,positive,train
868,positive,train
869,negative,train
870,positive,train
871,negative,train
872,positive,train
873,negative,train
874,negative,test
875,negative,train
876,positive,train
877,positive,train
878,positive,test
879,positive,train
880,positive,train
881,negative,train
882,negative,train
883,negative,train
884,negative,train
885,negative,train
886,positive,train
887,negative,train
888,positive,train
889,negative,test
890,positive,train
891,positive,train
892,negative,train
893,negative,train
894,positive,train
895,positive,train
896,positive,train
897,negative,train
898,positive,train
899,negative,train
900,positive,test
901,positive,test
902,positive,train
903,negative,train
904,negative,train
905,positive,test
906,positive,train
907,negative,train
908,negative,train
909,positive,train
910,negative,train
911,negative,train
912,negative,train
913,negative,train
914,negative,train
915,negative,train
916,positive,train
917,positive,train
918,positive,train
919,negative,train
920,negative,train
921,negative,train
922,negative,train
923,negative,test
924,positive,train
925,positive,train
926,positive,train
927,negative,test
928,positive,train
929,positive,train
930,positive,train
931,negative,train
932,negative,train
933,negative,test
934,negative,test
935,negative,test
936,positive,train
937,positive,train
938,positive,train
939,negative,test
940,positive,train
941,negative,train
942,negative,train
943,negative,train
944,positive,test
945,negative,train
946,negative,test
947,negative,train
948,negative,train
949,negative,train
950,positive,train
951,negative,train
952,negative,test
953,positive,train
954,negative,train
955,positive,train
956,negative,train
957,negative,test
958,negative,test
959,positive,train
960,positive,train
961,negative,test
962,positive,train
963,positive,train
964,negative,train
965,positive,train
966,negative,train
967,negative,train
968,positive,train
969,positive,train
970,positive,train
971,positive,train
972,positive,train
973,negative,train
974,positive,train
975,positive,train
976,negative,train
977,positive,train
978,positive,train
979,negative,train
980,negative,train
981,negative,test
982,positive,train
983,positive,train
984,negative,train
985,positive,train
986,positive,train
987,positive,test
988,positive,train
989,negative,train
990,negative,train
991,positive,train
992,positive,test
993,negative,train
994,positive,train
995,negative,test
996,negative,train
997,positive,train
998,negative,test
999,positive,train
1000,negative,test
1001,positive,train
1002,positive,train
1003,positive,train
1004,positive,train
1005,positive,train
1006,positive,train
1007,positive,test
1008,negative,train
1009,negative,train
1010,negative,train
1011,positive,train
1012,positive,train
1013,negative,train
1014,negative,train
1015,positive,train
1016,positive,test
1017,positive,train
1018,positive,train
1019,negative,test
1020,positive,train
1021,positive,train
1022,positive,test
1023,positive,train
1024,positive,train
1025,positive,train
1026,negative,train
1027,negative,train
1028,negative,train
1029,positive,test
1030,negative,test
1031,negative,train
1032,negative,test
1033,positive,train
1034,negative,train
1035,positive,train
1036,positive,train
1037,negative,train
1038,positive,train
1039,positive,train
1040,negative,train
1041,positive,train
1042,negative,test
1043,negative,train
1044,positive,train
1045,negative,test
1046,negative,train
1047,negative,train
1048,positive,train
1049,positive,train
1050,positive,train
1051,positive,train
1052,positive,train
1053,negative,train
1054,positive,train
1055,negative,train
1056,negative,train
1057,negative,train
1058,negative,train
1059,negative,train
1060,negative,train
1061,positive,train
1062,negative,test
1063,negative,train
1064,negative,train
1065,negative,train
1066,negative,test
1067,negative,train
1068,negative,train
1069,positive,train
1070,positive,train
1071,positive,train
1072,positive,train
1073,negative,train
1074,positive,train
1075,negative,train
1076,positive,train
1077,positive,test
1078,positive,train
1079,positive,train
1080,positive,test
1081,positive,train
1082,positive,train
1083,negative,train
1084,positive,train
1085,positive,test
1086,negative,train
1087,positive,train
1088,positive,train
1089,negative,train
1090,positive,train
1091,positive,train
1092,negative,train
1093,negative,train
1094,positive,train
1095,negative,train
1096,negative,train
1097,negative,train
1098,positive,train
1099,positive,train
1100,positive,train
1101,negative,train
1102,positive,train
1103,negative,train
1104,positive,train
1105,negative,train
1106,negative,test
1107,negative,train
1108,positive,train
1109,negative,train
1110,positive,train
1111,positive,test
1112,positive,train
1113,negative,train
1114,positive,train
1115,negative,train
1116,negative,train
1117,positive,train
1118,negative,test
1119,positive,train
1120,positive,test
1121,positive,train
1122,positive,test
1123,positive,test
1124,positive,train
1125,positive,train
1126,negative,train
1127,negative,train
1128,positive,train
1129,positive,test
1130,positive,train
1131,positive,test
1132,positive,train
1133,positive,train
1134,negative,train
1135,negative,train
1136,positive,train
1137,negative,train
1138,positive,train
1139,positive,train
1140,positive,train
1141,positive,test
1142,negative,train
1143,positive,train
1144,negative,test
1145,positive,train
1146,negative,train
1147,positive,train
1148,negative,test
1149,positive,train
1150,positive,train
1151,positive,train
1152,negative,test
1153,negative,train
1154,positive,train
1155,negative,train
1156,negative,train
1157,negative,test
1158,positive,test
1159,positive,train
1160,positive,test
1161,positive,train
1162,negative,test
1163,positive,train
1164,negative,test
1165,positive,test
1166,negative,test
1167,positive,train
1168,positive,train
1169,negative,test
1170,negative,test
1171,positive,test
1172,positive,train
1173,negative,test
1174,negative,train
1175,positive,test
1176,positive,train
1177,negative,train
1178,negative,train
1179,positive,train
1180,negative,train
1181,negative,train
1182,negative,train
1183,negative,test
1184,positive,train
1185,negative,test
1186,positive,train
1187,negative,train
1188,negative,train
1189,positive,train
1190,negative,test
1191,negative,train
1192,negative,train
1193,negative,train
1194,positive,train
1195,negative,train
1196,negative,train
1197,negative,train
1198,positive,test
1199,positive,train
1200,negative,train
1201,positive,train
1202,positive,test
1203,positive,train
1204,negative,train
1205,positive,train
1206,positive,train
1207,negative,train
1208,positive,train
1209,negative,train
1210,negative,train
1211,negative,train
1212,negative,train
1213,negative,train
1214,negative,test
1215,positive,train
1216,positive,test
1217,positive,test
1218,positive,train
1219,positive,train
1220,positive,train
1221,positive,test
1222,positive,train
1223,negative,train
1224,negative,train
1225,positive,train
1226,negative,train
1227,negative,train
1228,negative,train
1229,positive,train
1230,positive,train
1231,positive,train
1232,negative,train
1233,positive,train
1234,positive,train
1235,positive,test
1236,negative,train
1237,positive,train
1238,negative,test
1239,negative,train
1240,negative,train
1241,negative,train
1242,positive,test
1243,positive,train
1244,negative,train
1245,positive,train
1246,positive,train
1247,positive,train
1248,positive,test
1249,negative,train
1250,positive,train
1251,negative,train
1252,negative,train
1253,negative,train
1254,negative,train
1255,negative,train
1256,negative,train
1257,negative,test
1258,negative,train
1259,negative,test
1260,positive,train
1261,positive,train
1262,negative,train
1263,positive,test
1264,negative,train
1265,positive,train
1266,negative,train
1267,positive,test
1268,positive,train
1269,negative,train
1270,positive,train
1271,negative,train
1272,positive,train
1273,negative,train
1274,positive,train
1275,negative,train
1276,positive,train
1277,positive,train
1278,negative,train
1279,positive,train
1280,positive,train
1281,negative,train
1282,positive,train
1283,negative,train
1284,negative,train
1285,negative,train
1286,positive,train
1287,positive,train
1288,negative,train
1289,positive,test
1290,positive,test
1291,positive,train
1292,negative,train
1293,negative,train
1294,positive,train
1295,negative,train
1296,negative,train
1297,negative,train
1298,negative,train
1299,negative,train
1300,negative,train
1301,positive,train
1302,positive,test
1303,negative,train
1304,positive,test
1305,negative,train
1306,negative,train
1307,negative,train
1308,positive,train
1309,positive,train
1310,negative,train
1311,negative,train
1312,negative,test
1313,negative,train
1314,positive,test
1315,positive,train
1316,positive,train
1317,negative,train
1318,negative,train
1319,positive,train
1320,positive,train
1321,positive,train
1322,positive,train
1323,positive,train
1324,negative,test
1325,negative,test
1326,negative,train
1327,negative,train
1328,negative,train
1329,negative,train
1330,positive,train
1331,negative,train
1332,negative,train
1333,positive,train
1334,negative,test
1335,positive,train
1336,negative,train
1337,negative,train
1338,positive,train
1339,positive,train
1340,negative,train
1341,negative,train
1342,negative,train
1343,negative,train
1344,positive,train
1345,negative,test
1346,positive,test
1347,positive,train
1348,positive,test
1349,positive,train
1350,positive,train
1351,positive,train
1352,negative,train
1353,positive,train
1354,positive,train
1355,positive,test
1356,negative,test
1357,negative,train
1358,negative,train
1359,negative,train
1360,positive,train
1361,positive,train
1362,negative,train
1363,positive,train
1364,negative,train
1365,negative,train
1366,positive,train
1367,positive,test
1368,negative,train
1369,positive,train
1370,negative,train
1371,negative,train
1372,positive,train
1373,negative,train
1374,positive,train
1375,positive,train
1376,positive,train
1377,positive,train
1378,positive,train
1379,positive,train
1380,negative,test
1381,negative,train
1382,positive,train
1383,positive,train
1384,negative,train
1385,positive,train
1386,negative,train
1387,positive,train
1388,positive,train
1389,positive,train
1390,negative,train
1391,positive,train
1392,positive,test
1393,negative,train
1394,positive,train
1395,positive,train
1396,negative,train
1397,negative,test
1398,positive,train
1399,positive,train
1400,negative,train
1401,negative,test
1402,positive,train
1403,positive,train
1404,positive,train
1405,negative,train
1406,negative,train
1407,negative,test
1408,positive,train
1409,negative,train
1410,negative,train
1411,positive,train
1412,positive,train
1413,positive,train
1414,positive,train
1415,negative,train
1416,positive,test
1417,positive,test
1418,negative,test
1419,negative,train
1420,positive,train
1421,negative,train
1422,negative,train
1423,positive,train
1424,negative,train
1425,positive,train
1426,negative,train
1427,negative,train
1428,negative,train
1429,negative,test
1430,positive,train
1431,positive,train
1432,positive,train
1433,negative,test
1434,negative,test
1435,negative,test
1436,positive,train
1437,positive,train
1438,positive,train
1439,positive,train
1440,positive,train
1441,negative,test
1442,negative,train
1443,negative,train
1444,negative,train
1445,positive,train
1446,negative,train
1447,negative,train
1448,negative,train
1449,negative,train
1450,negative,train
1451,positive,train
1452,negative,train
1453,positive,train
1454,positive,train
1455,negative,train
1456,negative,train
1457,negative,train
1458,positive,train
1459,positive,train
1460,positive,train
1461,negative,train
1462,negative,train
1463,negative,train
1464,negative,train
1465,positive,train
1466,positive,train
1467,negative,test
1468,negative,train
1469,positive,train
1470,positive,train
1471,positive,test
1472,negative,train
1473,negative,train
1474,negative,train
1475,negative,test
1476,positive,train
1477,positive,train
1478,positive,train
1479,negative,test
1480,negative,test
1481,positive,train
1482,positive,train
1483,positive,test
1484,negative,test
1485,positive,train
1486,positive,train
1487,positive,train
1488,positive,train
1489,positive,train
1490,positive,train
1491,positive,train
1492,positive,train
1493,negative,train
1494,negative,test
1495,positive,train
1496,positive,train
1497,positive,train
1498,negative,train
1499,negative,train
1500,positive,train
1501,negative,train
1502,negative,test
1503,positive,train
1504,negative,train
1505,negative,train
1506,positive,test
1507,negative,train
1508,negative,train
1509,positive,train
1510,negative,test
1511,positive,train
1512,negative,train
1513,negative,train
1514,positive,train
1515,positive,train
1516,negative,train
1517,negative,test
1518,positive,train
1519,positive,train
1520,negative,train
1521,positive,train
1522,positive,test
1523,negative,train
1524,negative,train
1525,negative,train
1526,positive,train
1527,positive,test
1528,positive,train
1529,positive,train
1530,positive,train
1531,positive,train
1532,positive,train
1533,positive,test
1534,positive,train
1535,positive,train
1536,negative,test
1537,positive,train
1538,negative,test
1539,positive,train
1540,positive,train
1541,positive,train
1542,positive,train
1543,negative,train
1544,negative,train
1545,negative,train
1546,positive,train
1547,negative,train
1548,negative,train
1549,positive,test
1550,negative,train
1551,positive,train
1552,positive,train
1553,positive,train
1554,positive,test
1555,negative,train
1556,positive,test
1557,positive,test
1558,negative,train
1559,positive,train
1560,negative,train
1561,positive,train
1562,positive,train
1563,negative,train
1564,negative,train
1565,negative,train
1566,positive,train
1567,positive,test
1568,negative,train
1569,positive,test
1570,negative,train
1571,positive,train
1572,negative,test
1573,negative,train
1574,positive,train
1575,positive,train
1576,positive,train
1577,positive,test
1578,negative,train
1579,negative,test
1580,negative,train
1581,negative,test
1582,positive,train
1583,negative,test
1584,negative,train
1585,positive,train
1586,positive,test
1587,negative,test
1588,negative,test
1589,positive,test
1590,negative,train
1591,negative,train
1592,negative,test
1593,positive,train
1594,negative,test
1595,positive,test
1596,negative,train
1597,negative,train
1598,negative,test
1599,negative,train
1600,positive,train
1601,negative,train
1602,positive,train
1603,positive,train
1604,negative,test
1605,positive,test
1606,positive,train
1607,negative,train
1608,positive,train
1609,negative,train
1610,negative,train
1611,positive,train
1612,positive,train
1613,positive,train
1614,negative,train
1615,negative,train
1616,positive,train
1617,negative,train
1618,negative,train
1619,positive,test
1620,negative,train
1621,positive,train
1622,negative,test
1623,negative,train
1624,negative,train
1625,negative,test
1626,negative,test
1627,negative,train
1628,negative,train
1629,negative,train
1630,positive,train
1631,negative,train
1632,positive,train
1633,positive,test
1634,negative,train
1635,positive,train
1636,negative,train
1637,positive,test
1638,positive,train
1639,positive,train
1640,negative,train
1641,negative,train
1642,positive,train
1643,negative,test
1644,negative,test
1645,negative,train
1646,positive,train
1647,negative,train
1648,negative,train
1649,positive,train
1650,negative,train
1651,negative,train
1652,positive,test
1653,positive,train
1654,positive,test
1655,negative,train
1656,positive,train
1657,negative,test
1658,negative,train
1659,negative,train
1660,positive,test
1661,negative,test
1662,negative,train
1663,negative,train
1664,positive,test
1665,positive,train
1666,negative,test
1667,positive,train
1668,negative,train
1669,positive,train
1670,negative,train
1671,negative,test
1672,positive,train
1673,positive,train
1674,negative,train
1675,positive,test
1676,negative,train
1677,negative,train
1678,negative,train
1679,positive,train
1680,positive,train
1681,positive,train
1682,negative,train
1683,negative,train
1684,positive,train
1685,negative,train
1686,positive,train
1687,positive,train
1688,negative,train
1689,negative,train
1690,positive,train
1691,negative,test
1692,negative,train
1693,positive,train
1694,positive,train
1695,negative,train
1696,positive,train
1697,negative,train
1698,positive,train
1699,negative,train
1700,positive,train
1701,negative,train
1702,negative,train
1703,positive,train
1704,positive,test
1705,positive,train
1706,negative,test
1707,positive,train
1708,positive,train
1709,negative,test
1710,positive,train
1711,positive,train
1712,positive,train
1713,negative,test
1714,positive,train
1715,positive,test
1716,negative,train
1717,positive,train
1718,negative,train
1719,positive,train
1720,positive,train
1721,negative,train
1722,negative,train
1723,negative,train
1724,negative,train
1725,negative,test
1726,negative,test
1727,negative,train
1728,negative,train
1729,positive,test
1730,negative,train
1731,positive,test
1732,negative,train
1733,positive,train
1734,positive,train
1735,positive,train
1736,positive,train
1737,positive,train
1738,negative,train
1739,positive,test
1740,negative,train
1741,negative,train
1742,negative,test
1743,negative,test
1744,negative,train
1745,negative,train
1746,negative,test
1747,negative,train
1748,positive,test
1749,negative,test
1750,negative,train
1751,negative,train
1752,negative,train
1753,negative,train
1754,negative,train
1755,negative,train
1756,negative,train
1757,positive,train
1758,negative,train
1759,negative,test
1760,negative,train
1761,negative,train
1762,positive,train
1763,positive,train
1764,negative,train
1765,negative,test
1766,positive,test
1767,negative,train
1768,negative,train
1769,positive,train
1770,positive,train
1771,positive,train
1772,negative,test
1773,negative,train
1774,negative,test
1775,negative,train
1776,negative,train
1777,negative,train
1778,negative,train
1779,negative,train
1780,negative,train
1781,negative,train
1782,negative,test
1783,negative,train
1784,negative,test
1785,negative,train
1786,negative,train
1787,positive,train
1788,positive,train
1789,negative,train
1790,negative,train
1791,positive,train
1792,positive,test
1793,positive,train
1794,negative,train
1795,negative,train
1796,negative,test
1797,negative,train
1798,positive,test
1799,negative,train
1800,positive,train
1801,negative,train
1802,negative,train
1803,positive,train
1804,negative,train
1805,negative,train
1806,positive,test
1807,negative,train
1808,positive,test
1809,negative,train
1810,positive,test
1811,negative,train
1812,positive,train
1813,positive,train
1814,negative,train
1815,negative,train
1816,negative,train
1817,positive,test
1818,negative,train
1819,negative,train
1820,positive,train
1821,positive,test
1822,positive,test
1823,positive,train
1824,positive,test
1825,positive,train
1826,negative,train
1827,negative,train
1828,negative,train
1829,negative,train
1830,positive,train
1831,negative,train
1832,positive,train
1833,negative,train
1834,positive,train
1835,negative,train
1836,positive,train
1837,positive,train
1838,positive,test
1839,positive,train
1840,negative,train
1841,negative,train
1842,positive,test
1843,positive,train
1844,negative,train
1845,negative,train
1846,positive,train
1847,positive,train
1848,positive,train
1849,positive,train
1850,negative,train
1851,positive,train
1852,negative,train
1853,positive,test
1854,negative,train
1855,negative,train
1856,positive,test
1857,positive,test
1858,positive,test
1859,negative,train
1860,positive,train
1861,positive,train
1862,negative,train
1863,negative,test
1864,negative,train
1865,negative,train
1866,positive,train
1867,negative,train
1868,negative,train
1869,positive,train
1870,negative,train
1871,positive,test
1872,negative,train
1873,positive,train
1874,negative,train
1875,negative,test
1876,positive,train
1877,positive,test
1878,positive,train
1879,positive,train
1880,positive,train
1881,positive,train
1882,negative,train
1883,positive,train
1884,positive,train
1885,negative,train
1886,positive,train
1887,negative,train
1888,positive,test
1889,negative,train
1890,negative,train
1891,negative,train
1892,negative,test
1893,negative,train
1894,positive,train
1895,negative,train
1896,positive,train
1897,negative,train
1898,positive,test
1899,positive,train
1900,positive,train
1901,positive,train
1902,negative,train
1903,positive,train
1904,positive,train
1905,positive,test
1906,negative,train
1907,negative,train
1908,negative,train
1909,negative,train
1910,positive,test
1911,negative,train
1912,negative,train
1913,negative,test
1914,negative,train
1915,negative,test
1916,negative,train
1917,negative,train
1918,positive,train
1919,positive,test
1920,positive,test
1921,positive,test
1922,negative,train
1923,negative,train
1924,negative,test
1925,negative,train
1926,positive,train
1927,negative,train
1928,positive,train
1929,positive,train
1930,negative,train
1931,positive,train
1932,positive,train
1933,positive,test
1934,positive,train
1935,positive,train
1936,positive,train
1937,negative,train
1938,positive,train
1939,positive,test
1940,positive,train
1941,positive,train
1942,negative,train
1943,negative,train
1944,negative,train
1945,negative,train
1946,positive,train
1947,negative,train
1948,negative,train
1949,negative,train
1950,positive,train
1951,negative,train
1952,positive,train
1953,positive,train
1954,positive,train
1955,negative,train
1956,positive,train
1957,positive,train
1958,negative,test
1959,negative,train
1960,positive,train
1961,negative,train
1962,positive,test
1963,negative,train
1964,positive,train
1965,positive,train
1966,positive,test
1967,positive,test
1968,negative,test
1969,positive,train
1970,negative,train
1971,positive,test
1972,positive,train
1973,negative,test
1974,positive,train
1975,positive,train
1976,negative,train
1977,negative,train
1978,positive,test
1979,positive,train
1980,negative,train
1981,negative,train
1982,positive,train
1983,negative,train
1984,positive,train
1985,negative,train
1986,negative,train
1987,positive,train
1988,negative,train
1989,positive,train
1990,negative,train
1991,positive,train
1992,positive,test
1993,negative,test
1994,negative,train
1995,negative,train
1996,negative,train
1997,negative,test
1998,negative,train
1999,positive,train
2000,negative,train
2001,negative,train
